datetime,Ta_2m,Huma_2m,Ta_10m,Huma_10m,water_vol_soil,Ts,heatflux_soil,Windspeed_2m,Windspeed_10m,rad_lw_out,CNR4TK,rad_lw,To_0m_K ,To_0m_C,rad_bil

30.06.2017 00:00,13.09,100,13.6,97.6,0.344,16.31,1.551533,0.448,0.529,-2.219,285.6,375.0,285.2,12.0,-15.2
30.06.2017 00:05,13.01,100,13.51,97.7,0.344,16.29,1.492695,0.38,0.409,-2.045,285.5,374.7,285.1,12.0,-8.92
30.06.2017 00:10,13.02,100,13.66,96.5,0.344,16.25,1.448708,0.548,0.67,-1.297,285.6,375.9,285.4,12.2,-1.965
30.06.2017 00:15,13.16,100,13.76,96.1,0.344,16.25,1.390439,0.581,0.658,-0.723,285.8,377.6,285.7,12.5,-1.79
30.06.2017 00:20,13.27,100,13.8,96.4,0.344,16.22,1.325316,0.764,0.887,-0.374,286,379.0,285.9,12.8,-2.469
30.06.2017 00:25,13.69,98.1,14.25,92.4,0.344,16.19,1.268762,0.589,0.744,0.1,286.2,380.5,286.2,13.1,-3.857
30.06.2017 00:30,13.75,98.3,14.36,92.6,0.344,16.16,1.218492,0.602,0.712,0.075,286.3,381.0,286.3,13.2,-4.109
30.06.2017 00:35,13.65,99.4,14.2,94.6,0.344,16.13,1.147087,0.714,0.696,0,286.4,381.5,286.4,13.3,-6.122
30.06.2017 00:40,13.61,99.9,14.03,95.6,0.344,16.11,1.111099,0.637,0.743,-0.15,286.4,381.3,286.4,13.2,-8.4
30.06.2017 00:45,13.72,99.3,14.22,94.3,0.344,16.09,1.059116,0.553,0.84,-0.025,286.5,382.0,286.5,13.3,-9.09
30.06.2017 00:50,13.64,99.8,14.06,95.8,0.344,16.07,1.013416,0.363,0.459,-0.224,286.5,381.8,286.5,13.3,-9.43
30.06.2017 00:55,13.58,100,13.93,97.3,0.344,16.03,0.9762847,0.14,0.308,-0.249,286.4,381.2,286.4,13.2,-9.98
30.06.2017 01:00,13.55,100,13.81,98.1,0.344,16.04,0.9305829,0.321,0.389,-0.249,286.4,381.2,286.4,13.2,-9.94
30.06.2017 01:05,13.49,100,13.73,98.4,0.344,16.02,0.9077301,0.149,0.274,-0.274,286.4,381.2,286.3,13.2,-10.67
30.06.2017 01:10,13.45,100,13.67,98.8,0.344,16.01,0.8620263,0.203,0.294,-0.299,286.3,380.7,286.2,13.1,-9.79
30.06.2017 01:15,13.45,100,13.65,99,0.344,15.99,0.8100379,0.328,0.449,-0.249,286.3,380.7,286.3,13.1,-9.03
30.06.2017 01:20,13.46,100,13.65,99,0.344,15.99,0.7403415,0.416,0.618,-0.249,286.3,380.7,286.3,13.1,-8.71
30.06.2017 01:25,13.45,100,13.64,98.9,0.345,15.98,0.7260579,0.385,0.623,-0.249,286.3,380.7,286.3,13.1,-8.66
30.06.2017 01:30,13.45,100,13.68,98.7,0.345,15.98,0.6912114,0.219,0.38,-0.249,286.3,380.7,286.3,13.1,-8.42
30.06.2017 01:35,13.46,100,13.67,99,0.345,15.97,0.6432275,0.286,0.427,-0.249,286.3,380.7,286.3,13.1,-8.34
30.06.2017 01:40,13.45,100,13.65,99.2,0.345,15.95,0.6095245,0.302,0.481,-0.249,286.3,380.7,286.3,13.1,-8.71
30.06.2017 01:45,13.45,100,13.63,99.3,0.345,15.95,0.5478299,0.317,0.431,-0.249,286.3,380.7,286.3,13.1,-9.29
30.06.2017 01:50,13.46,100,13.66,99,0.345,15.94,0.5352631,0.3,0.518,-0.249,286.3,380.7,286.3,13.1,-10.34
30.06.2017 01:55,13.41,100,13.64,99,0.345,15.94,0.4998466,0.31,0.272,-0.449,286.3,380.5,286.2,13.1,-12.56
30.06.2017 02:00,13.4,100,13.61,99.2,0.344,15.93,0.4707146,0.355,0.581,-0.598,286.2,379.8,286.1,12.9,-17.42
30.06.2017 02:05,13.38,100,13.57,99.2,0.344,15.93,0.4598622,0.458,0.629,-0.923,286.2,379.5,286.0,12.9,-22.52
30.06.2017 02:10,13.33,100,13.53,99.2,0.344,15.91,0.3827429,0.508,0.786,-1.272,286,378.1,285.8,12.6,-25.23
30.06.2017 02:15,13.23,100,13.49,98.7,0.344,15.9,0.3638917,0.572,0.615,-1.546,285.9,377.3,285.6,12.5,-26.06
30.06.2017 02:20,13.11,100,13.5,97.7,0.345,15.92,0.3438981,0.525,0.782,-1.721,285.8,376.6,285.5,12.3,-24.64
30.06.2017 02:25,13.01,100,13.44,97.8,0.345,15.9,0.3050527,0.353,0.94,-1.745,285.7,376.0,285.4,12.2,-21.85
30.06.2017 02:30,12.9,100,13.35,98.5,0.345,15.89,0.2827733,0.323,0.469,-1.671,285.5,375.0,285.2,12.0,-17.47
30.06.2017 02:35,12.9,100,13.22,98.8,0.345,15.89,0.2205056,0.292,0.467,-1.446,285.5,375.3,285.2,12.1,-15.71
30.06.2017 02:40,12.85,100,13.17,99.1,0.345,15.88,0.2056524,0.385,0.572,-1.471,285.5,375.2,285.2,12.1,-16.13
30.06.2017 02:45,12.86,100,13.15,99.2,0.345,15.86,0.1685204,0.281,0.642,-1.496,285.4,374.7,285.1,12.0,-13.99
30.06.2017 02:50,12.87,100,13.14,99,0.345,15.86,0.1256759,0.443,0.81,-1.272,285.5,375.4,285.3,12.1,-11.59
30.06.2017 02:55,12.88,100,13.16,98.6,0.345,15.83,0.1016829,0.526,0.947,-1.272,285.5,375.4,285.3,12.1,-13.27
30.06.2017 03:00,12.83,100,13.19,98,0.345,15.82,0.09140029,0.465,0.956,-1.247,285.5,375.5,285.3,12.1,-16.33
30.06.2017 03:05,12.76,100,13.15,97.8,0.345,15.8,0.03427514,0.411,0.937,-1.322,285.5,375.4,285.2,12.1,-18.89
30.06.2017 03:10,12.7,100,13.08,97.8,0.345,15.79,0.04227275,0.393,0.638,-1.571,285.3,374.1,285.0,11.9,-17.71
30.06.2017 03:15,12.62,100,13,98,0.345,15.76,-0.0257064,0.401,0.682,-1.646,285.3,374.0,285.0,11.8,-14.69
30.06.2017 03:20,12.57,100,12.9,98.6,0.345,15.73,-0.05027022,0.384,0.678,-1.496,285.2,373.6,284.9,11.8,-9.02
30.06.2017 03:25,12.55,100,12.88,98.8,0.345,15.72,-0.08683015,0.372,0.628,-1.047,285.3,374.6,285.1,12.0,-4.629
30.06.2017 03:30,12.57,100,12.87,98.7,0.345,15.71,-0.1091087,0.462,0.633,-0.748,285.3,374.9,285.2,12.0,-2.973
30.06.2017 03:35,12.6,100,12.89,98.6,0.345,15.69,-0.1519523,0.616,0.758,-0.499,285.4,375.7,285.3,12.2,-2.48
30.06.2017 03:40,12.61,100,12.91,98.4,0.345,15.66,-0.1776584,0.393,0.647,-0.324,285.5,376.4,285.4,12.3,-2.688
30.06.2017 03:45,12.64,100,12.9,98.5,0.345,15.65,-0.2113621,0.322,0.535,-0.324,285.5,376.4,285.4,12.3,-1.774
30.06.2017 03:50,12.64,100,12.89,98.6,0.345,15.63,-0.2342123,0.35,0.609,-0.274,285.5,376.4,285.4,12.3,-0.1
30.06.2017 03:55,12.64,100,12.9,98.6,0.345,15.6,-0.2656311,0.4,0.588,-0.199,285.5,376.5,285.5,12.3,1.686
30.06.2017 04:00,12.66,100,12.91,98.7,0.345,15.59,-0.2719148,0.3,0.485,-0.05,285.6,377.2,285.6,12.4,2.9
30.06.2017 04:05,12.68,100,12.91,98.7,0.345,15.57,-0.3130442,0.316,0.497,0,285.6,377.2,285.6,12.4,4.066
30.06.2017 04:10,12.69,100,12.9,98.9,0.345,15.56,-0.3576008,0.318,0.535,0.249,285.6,377.5,285.6,12.5,4.921
30.06.2017 04:15,12.71,100,12.98,98.3,0.345,15.56,-0.3638838,0.488,0.635,0.249,285.7,378.0,285.7,12.6,5.343
30.06.2017 04:20,12.77,100,13.09,97.8,0.345,15.56,-0.4004433,0.372,0.501,0.249,285.7,378.0,285.7,12.6,5.824
30.06.2017 04:25,12.8,100,13.11,97.7,0.345,15.53,-0.4061565,0.369,0.626,0.399,285.8,378.7,285.9,12.7,10.51
30.06.2017 04:30,12.85,100,13.11,98,0.345,15.53,-0.4284365,0.38,0.545,0.499,285.8,378.8,285.9,12.7,11.52
30.06.2017 04:35,12.88,100,13.13,97.8,0.346,15.53,-0.4667126,0.388,0.623,0.499,285.9,379.3,286.0,12.8,11.57
30.06.2017 04:40,12.89,100,13.16,97.9,0.346,15.52,-0.4775692,0.243,0.431,0.549,285.9,379.4,286.0,12.9,16.2
30.06.2017 04:45,12.95,100,13.14,98.5,0.346,15.52,-0.4941373,0.242,0.437,0.748,286,380.1,286.1,13.0,21.66
30.06.2017 04:50,13,100,13.19,98,0.346,15.52,-0.5044203,0.367,0.744,0.948,286.1,380.8,286.3,13.1,29.65
30.06.2017 04:55,13.09,100,13.32,97,0.346,15.52,-0.5266985,0.38,0.526,1.097,286.2,381.5,286.4,13.3,33.2
30.06.2017 05:00,13.18,100,13.43,96.3,0.346,15.52,-0.5455479,0.449,0.711,1.247,286.3,382.2,286.5,13.4,36.81
30.06.2017 05:05,13.27,100,13.63,94.8,0.346,15.52,-0.5501157,0.568,0.759,1.172,286.4,382.7,286.6,13.5,38.55
30.06.2017 05:10,13.38,99.1,13.68,94.7,0.346,15.53,-0.5815322,0.59,0.934,1.247,286.4,382.7,286.6,13.5,46.1
30.06.2017 05:15,13.48,97.9,13.71,94.5,0.346,15.53,-0.6118075,0.606,0.776,1.272,286.4,382.8,286.6,13.5,51.38
30.06.2017 05:20,13.57,98.5,13.77,94.7,0.346,15.53,-0.6066667,0.516,0.526,1.446,286.5,383.5,286.8,13.6,52.34
30.06.2017 05:25,13.53,98.7,13.74,94.9,0.346,15.55,-0.6209496,0.641,1.017,1.621,286.5,383.6,286.8,13.7,54.88
30.06.2017 05:30,13.67,97.9,13.84,94.5,0.346,15.55,-0.6472294,0.481,0.657,1.646,286.6,384.2,286.9,13.8,57.95
30.06.2017 05:35,13.72,97.9,13.86,94.1,0.346,15.55,-0.6569434,0.7,0.8,1.721,286.7,384.8,287.0,13.9,64.62
30.06.2017 05:40,13.82,96.8,13.97,93.7,0.346,15.57,-0.6860806,0.503,0.715,1.82,286.7,384.9,287.0,13.9,76.83
30.06.2017 05:45,13.97,96.7,14.1,93.1,0.346,15.58,-0.6900816,0.67,0.51,2.119,286.9,386.3,287.3,14.1,74.18
30.06.2017 05:50,14.07,95.3,14.23,92.4,0.346,15.59,-0.7049354,0.471,0.663,2.144,286.9,386.3,287.3,14.1,71.47
30.06.2017 05:55,14.17,96.2,14.25,93,0.346,15.6,-0.7026507,0.495,0.538,2.369,287,387.1,287.4,14.3,63.65
30.06.2017 06:00,14.23,97.1,14.29,93.1,0.346,15.63,-0.7180738,0.489,0.595,2.244,287.2,388.0,287.6,14.5,48.1
30.06.2017 06:05,14.25,96.2,14.29,93.5,0.346,15.63,-0.720357,0.532,0.537,2.045,287.3,388.3,287.7,14.5,55.05
30.06.2017 06:10,14.26,94.9,14.29,92.1,0.346,15.66,-0.7363491,0.887,0.965,2.02,287.2,387.8,287.6,14.4,43.97
30.06.2017 06:15,14.21,95.3,14.29,92.4,0.346,15.66,-0.7334894,0.563,0.529,2.07,287.1,387.3,287.5,14.3,35.42
30.06.2017 06:20,14.16,96,14.25,93.2,0.346,15.68,-0.755765,0.526,0.655,2.095,287,386.8,287.4,14.2,35.94
30.06.2017 06:25,14.14,96.6,14.23,93.4,0.346,15.72,-0.6883546,0.548,0.712,2.219,287.1,387.4,287.5,14.4,41.95
30.06.2017 06:30,14.15,96.8,14.25,92.8,0.346,15.73,-0.7386236,0.563,0.621,2.743,287.2,388.5,287.7,14.6,54.03
30.06.2017 06:35,14.28,96.2,14.34,92,0.346,15.75,-0.7340546,0.407,0.492,2.967,287.3,389.3,287.9,14.7,62.09
30.06.2017 06:40,14.34,94.4,14.46,91.5,0.346,15.76,-0.7312,0.492,0.59,3.316,287.4,390.2,288.0,14.9,80.4
30.06.2017 06:45,14.5,92.5,14.57,90.4,0.346,15.78,-0.7243472,1,1.373,3.79,287.5,391.2,288.2,15.1,94.2
30.06.2017 06:50,14.65,91.3,14.71,88.7,0.346,15.81,-0.72492,0.826,0.807,4.189,287.4,391.0,288.2,15.0,92.2
30.06.2017 06:55,14.68,91.8,14.81,88.6,0.346,15.81,-0.6957873,1.057,1.069,5.685,287.5,393.1,288.5,15.4,93.1
30.06.2017 07:00,14.79,93.1,14.85,90,0.346,15.83,-0.7077856,0.572,0.547,7.705,287.7,396.2,289.1,16.0,118.4
30.06.2017 07:05,14.98,91.9,15.01,88.8,0.347,15.84,-0.7060735,0.655,0.965,8.48,288.1,399.1,289.7,16.5,128.9
30.06.2017 07:10,15.22,90.6,15.17,88.1,0.347,15.87,-0.6872227,0.581,0.799,8.95,288.4,401.2,290.0,16.9,143.3
30.06.2017 07:15,15.32,89,15.28,87.2,0.347,15.9,-0.6769392,0.808,0.803,6.059,288.6,399.4,289.7,16.6,103.3
30.06.2017 07:20,15.37,88.4,15.34,86.9,0.347,15.92,-0.6552297,0.662,0.879,4.887,288.6,398.2,289.5,16.3,78.93
30.06.2017 07:25,15.3,88.2,15.22,86.6,0.347,15.95,-0.6677946,0.728,1.08,1.945,288.4,394.2,288.8,15.6,43.37
30.06.2017 07:30,15.11,89.9,15.08,87.1,0.347,15.96,-0.6266617,0.713,1.003,3.74,288.3,395.4,289.0,15.8,62.68
30.06.2017 07:35,15.18,88.9,15.15,86.8,0.347,15.99,-0.608379,0.731,0.773,5.785,288.3,397.5,289.4,16.2,120.6
30.06.2017 07:40,15.27,86.2,15.3,83.6,0.347,16.03,-0.5958095,0.923,0.979,5.012,288.5,397.8,289.4,16.3,86.8
30.06.2017 07:45,15.38,87.2,15.37,84.5,0.347,16.05,-0.5792415,0.824,0.994,6.234,288.5,399.0,289.6,16.5,154.1
30.06.2017 07:50,15.68,84.5,15.59,81.3,0.347,16.07,-0.5586753,0.745,1.132,13.34,289.1,409.4,291.5,18.4,309.2
30.06.2017 07:55,16.2,80.1,16.03,78.47,0.347,16.11,-0.5141174,0.97,0.751,9.03,289.7,408.4,291.3,18.2,186.9
30.06.2017 08:00,16.26,80.8,16.27,77.99,0.347,16.14,-0.4964081,0.793,0.647,8.08,289.8,408.0,291.3,18.1,183.4
30.06.2017 08:05,16.31,81.9,16.26,78.3,0.347,16.17,-0.4587057,1.401,1.077,6.483,289.9,407.0,291.1,17.9,149.8
30.06.2017 08:10,16.25,78.15,16.21,75.67,0.347,16.19,-0.4290009,1.068,1.076,6.009,289.9,406.5,291.0,17.8,177.9
30.06.2017 08:15,16.2,77.77,16.15,75.1,0.347,16.23,-0.4198608,0.904,0.81,6.034,289.9,406.5,291.0,17.8,158.3
30.06.2017 08:20,16.27,79.26,16.23,75.96,0.347,16.26,-0.3958686,0.838,0.885,5.012,289.9,405.5,290.8,17.7,140.3
30.06.2017 08:25,16.23,78.54,16.15,75.26,0.347,16.32,-0.3416009,1.182,1.179,5.51,289.9,406.0,290.9,17.7,207.4
30.06.2017 08:30,16.6,78.92,16.49,76.03,0.348,16.36,-0.33189,0.728,0.699,17.3,290.8,422.8,293.9,20.7,444.6
30.06.2017 08:35,17.06,77,16.91,73.72,0.348,16.4,-0.2907615,1.173,0.929,5.485,291.4,414.3,292.4,19.2,133.3
30.06.2017 08:40,16.96,76.71,16.86,73.24,0.348,16.41,-0.227926,0.78,0.861,6.333,291.1,413.5,292.2,19.1,271.7
30.06.2017 08:45,17.33,74.75,17.1,72.42,0.347,16.47,-0.1799425,1.191,1.222,8.7,291.8,419.8,293.3,20.2,274.9
30.06.2017 08:50,17.27,72.4,17.06,70.97,0.348,16.51,-0.1690893,1.084,1.568,1.421,291.7,411.9,292.0,18.8,200.2
30.06.2017 08:55,17.07,73.67,16.96,71.72,0.347,16.55,-0.1193909,1.147,0.736,3.465,291.6,413.4,292.2,19.1,231.8
30.06.2017 09:00,17.05,73.56,17.03,70.74,0.348,16.62,-0.07711853,1.631,1.572,1.446,291.5,410.8,291.8,18.6,185
30.06.2017 09:05,16.89,72.6,16.76,70.58,0.348,16.67,-0.04113001,1.403,1.549,-0.623,291.1,406.5,291.0,17.8,176.3
30.06.2017 09:10,16.84,72.72,16.73,70.3,0.348,16.72,0.01313888,1.369,1.235,3.839,291.1,411.0,291.8,18.6,267.4
30.06.2017 09:15,16.95,72.55,16.78,70.19,0.348,16.77,0.04341569,1.429,1.984,7.204,291.6,417.2,292.9,19.7,298.9
30.06.2017 09:20,17.08,73.39,16.9,71.21,0.348,16.81,0.1199648,1.31,1.215,3.664,291.8,414.7,292.4,19.3,227.3
30.06.2017 09:25,17.12,74.78,16.91,72.57,0.348,16.88,0.1582393,0.877,0.976,0.424,291.7,410.9,291.8,18.6,141.8
30.06.2017 09:30,17.03,75.24,16.76,72.85,0.348,16.9,0.235359,0.989,1.079,-0.399,291.6,409.6,291.5,18.4,152
30.06.2017 09:35,16.72,75.76,16.45,74.08,0.348,16.95,0.2901985,1.134,1.186,-0.748,291.3,407.5,291.2,18.0,170.8
30.06.2017 09:40,16.72,75.93,16.49,73.89,0.348,17,0.3450375,1.115,1.707,3.29,291.4,412.1,292.0,18.8,274.8
30.06.2017 09:45,16.96,75.33,16.75,73.66,0.348,17.03,0.4158708,1.731,1.58,10.1,291.9,421.7,293.7,20.5,396.7
30.06.2017 09:50,17.29,73.78,17.1,71.95,0.348,17.07,0.4747072,1.187,1.148,1.022,292.2,414.4,292.4,19.2,126.9
30.06.2017 09:55,17.18,75.58,17.11,71.85,0.348,17.11,0.5466823,1.209,1.111,-2.268,291.8,408.8,291.4,18.2,120.6
30.06.2017 10:00,17.05,74.5,16.9,71.89,0.348,17.15,0.6118024,1.253,1.512,4.238,291.7,414.8,292.4,19.3,344.4
30.06.2017 10:05,17.61,71.38,17.32,68.72,0.348,17.18,0.6866343,1.48,1.443,13.58,292.7,429.8,295.1,21.9,499.4
30.06.2017 10:10,18.4,69.33,17.99,67.32,0.348,17.23,0.760325,1.605,1.994,12.49,294,436.1,296.1,23.0,520.1
30.06.2017 10:15,18.24,65.7,17.99,63.43,0.348,17.25,0.8094527,1.706,1.655,0.997,294.2,425.8,294.4,21.2,344.7
30.06.2017 10:20,17.94,64.48,17.81,62.98,0.348,17.3,0.9014235,1.445,1.772,-1.471,293.8,421.0,293.5,20.4,329.3
30.06.2017 10:25,18,66.23,17.78,63.96,0.348,17.34,0.989395,1.026,1.138,3.116,293.8,425.6,294.3,21.2,361.3
30.06.2017 10:30,18.17,66.81,17.85,64.77,0.348,17.4,1.057373,1.637,2.231,8.67,294.2,433.4,295.7,22.5,534.1
30.06.2017 10:35,18.5,65.12,18.2,63.37,0.348,17.45,1.144774,1.34,1.626,0.374,294.5,426.9,294.6,21.4,275
30.06.2017 10:40,18.56,66.99,18.29,63.63,0.348,17.5,1.229319,1.454,1.776,9.87,294.6,437.0,296.3,23.1,604.3
30.06.2017 10:45,19.04,64.5,18.54,62.39,0.348,17.56,1.342996,1.219,1.809,8.77,295.5,441.1,297.0,23.8,528.9
30.06.2017 10:50,18.93,61.86,18.36,61.35,0.348,17.62,1.420681,1.66,2.88,-0.399,295.5,431.9,295.4,22.3,361.9
30.06.2017 10:55,18.52,63.76,18.06,62.28,0.348,17.69,1.490939,1.697,1.809,0.05,294.9,428.9,294.9,21.8,363.9
30.06.2017 11:00,18.55,62.97,18.05,61.94,0.348,17.75,1.556057,1.172,2.403,10.29,295,439.7,296.8,23.6,634.5
30.06.2017 11:05,18.97,60.51,18.43,60.47,0.348,17.82,1.653736,1.778,2.001,10.84,295.9,445.5,297.7,24.6,699.9
30.06.2017 11:10,19.18,61.8,18.76,60.42,0.348,17.89,1.746274,1.957,2.051,5.583,296.3,442.6,297.2,24.1,556.2
30.06.2017 11:15,19.09,61.99,18.73,60.98,0.348,17.97,1.847384,1.878,2.269,-0.474,296,434.8,295.9,22.8,352.1
30.06.2017 11:20,18.96,62.22,18.55,60.23,0.348,18.05,1.933074,1.281,2.86,0.199,295.3,431.4,295.3,22.2,347
30.06.2017 11:25,19.05,59.4,18.57,58.91,0.348,18.13,2.03019,1.227,2.074,-1.62,295.1,428.4,294.8,21.7,332.2
30.06.2017 11:30,19.06,60.37,18.69,58.6,0.348,18.22,2.131304,1.539,1.696,5.633,295.3,436.8,296.3,23.1,479.1
30.06.2017 11:35,19.26,59.48,18.85,58.02,0.348,18.29,2.232416,1.101,1.399,0.424,295.3,431.6,295.4,22.2,298.2
30.06.2017 11:40,18.97,59.51,18.66,58.23,0.348,18.37,2.328385,1.382,1.949,-3.988,295,425.4,294.3,21.2,256.6
30.06.2017 11:45,18.92,61.01,18.65,59.17,0.347,18.43,2.428924,0.621,1.088,4.088,295,433.5,295.7,22.5,427.6
30.06.2017 11:50,18.96,59.39,18.68,58.54,0.347,18.5,2.519755,1.42,1.808,-2.019,295.1,428.0,294.8,21.6,295.3
30.06.2017 11:55,18.49,60.24,18.16,59.1,0.347,18.56,2.619727,1.3,3.144,-4.611,294.4,421.3,293.6,20.4,290.1
30.06.2017 12:00,18.42,60.6,18.12,60.08,0.348,18.62,2.707701,1.363,1.391,2.891,294.2,427.7,294.7,21.5,431.1
30.06.2017 12:05,18.55,61.71,18.44,59.44,0.348,18.67,2.787676,1.323,1.715,6.58,294.8,434.8,295.9,22.8,409.2
30.06.2017 12:10,18.86,61.96,18.58,59.4,0.348,18.72,2.875074,1.409,1.56,8,295.1,438.0,296.5,23.3,506.2
30.06.2017 12:15,19.1,61.89,18.89,59.42,0.347,18.77,2.951614,1.654,1.676,2.667,295.4,434.4,295.9,22.7,321.2
30.06.2017 12:20,18.96,59.1,18.74,57.55,0.347,18.8,3.057856,1.222,1.47,0.798,295.1,430.8,295.2,22.1,377.8
30.06.2017 12:25,19.05,59.28,18.72,58.28,0.347,18.84,3.134396,1.411,1.684,3.24,295.2,433.8,295.8,22.6,454.4
30.06.2017 12:30,19.18,61.14,18.95,59.05,0.347,18.89,3.205228,1.28,1.482,6.854,295.5,439.2,296.7,23.5,509.4
30.06.2017 12:35,19.48,58.91,19.15,57.52,0.347,18.95,3.277775,1.229,1.308,10.89,296.3,447.9,298.1,25.0,652.8
30.06.2017 12:40,19.76,57.55,19.42,55.88,0.347,18.98,3.357749,1.92,1.815,2.991,296.9,443.6,297.4,24.3,494.7
30.06.2017 12:45,19.33,57.92,19.07,56.29,0.347,19.02,3.405163,0.966,1.33,-6.331,296.2,430.1,295.1,22.0,283.3
30.06.2017 12:50,19.12,57.87,18.77,56.53,0.347,19.06,3.481708,1.04,1.514,-5.084,295.7,428.4,294.8,21.7,289.3
30.06.2017 12:55,19,59.78,18.64,58.53,0.347,19.11,3.57996,0.712,1.129,-5.483,295.2,425.1,294.3,21.1,227.8
30.06.2017 13:00,18.74,59.84,18.56,57.71,0.347,19.16,3.641653,1.255,1.385,-5.084,294.7,422.6,293.8,20.7,206.9
30.06.2017 13:05,18.63,58.81,18.37,57.73,0.347,19.22,3.724481,1.445,1.697,-3.041,294.3,422.3,293.8,20.6,260
30.06.2017 13:10,18.81,61.96,18.51,59.21,0.347,19.25,3.813023,1.026,1.539,0.548,294.4,426.5,294.5,21.3,284.9
30.06.2017 13:15,18.97,59.31,18.68,56.98,0.347,19.28,3.874722,1.011,1.413,-1.171,294.5,425.3,294.3,21.1,225.9
30.06.2017 13:20,18.9,57.99,18.7,55.99,0.347,19.31,3.943281,1.71,2.141,-2.667,294.5,423.8,294.0,20.9,262.1
30.06.2017 13:25,18.77,58.38,18.62,56.59,0.347,19.33,4.012987,1.099,1.229,-2.716,294.3,422.6,293.8,20.7,248.2
30.06.2017 13:30,18.78,59.87,18.72,57,0.347,19.32,4.09469,1.288,1.228,-2.044,294.2,422.7,293.8,20.7,228.1
30.06.2017 13:35,18.83,59.22,18.73,56.74,0.347,19.33,4.166107,1.574,1.459,0.773,294.3,426.1,294.4,21.3,345.1
30.06.2017 13:40,19.21,60.79,18.99,57.74,0.346,19.34,4.240373,0.68,1.028,3.215,294.9,432.0,295.5,22.3,279.5
30.06.2017 13:45,19.32,60.66,19.05,58.45,0.346,19.33,4.315203,1.231,1.355,-2.218,295,427.2,294.6,21.5,233.8
30.06.2017 13:50,19.26,59.7,19,57.47,0.346,19.33,4.392315,1.345,1.976,1.047,295.1,431.0,295.3,22.1,368.5
30.06.2017 13:55,19.5,57.77,19.14,56.68,0.346,19.32,4.43572,0.963,1.178,12.44,296,447.7,298.1,24.9,700.7
30.06.2017 14:00,20.13,57.53,19.78,55.68,0.346,19.33,4.506545,0.952,1.259,0,297,441.2,297.0,23.9,365.1
30.06.2017 14:05,19.62,56.58,19.4,55.46,0.346,19.34,4.57737,1.785,2.064,-7.004,296.4,430.6,295.2,22.1,311.9
30.06.2017 14:10,19.34,58.05,19.15,56.49,0.346,19.35,4.690467,1.765,1.16,-0.349,296,434.9,295.9,22.8,398.8
30.06.2017 14:15,19.41,59.75,19.18,56.93,0.346,19.36,4.673322,1.839,2.023,-2.293,295.8,431.8,295.4,22.3,301.7
30.06.2017 14:20,19.24,57.64,18.93,55.77,0.346,19.38,4.756714,1.446,2.38,-3.215,295.3,427.9,294.7,21.6,294.2
30.06.2017 14:25,19.07,57.85,18.84,55.27,0.346,19.41,4.813832,1.424,1.387,-4.511,294.9,424.3,294.1,21.0,226.1
30.06.2017 14:30,18.91,58.06,18.77,56.23,0.346,19.44,4.87838,1.21,1.251,-3.315,294.6,423.8,294.0,20.9,205.5
30.06.2017 14:35,18.86,58.21,18.73,55.92,0.346,19.46,4.941215,1.242,1.986,-4.785,294.2,420.0,293.4,20.2,203
30.06.2017 14:40,18.85,57.42,18.76,55.54,0.346,19.47,4.988628,1.199,1.259,-3.29,294.1,420.9,293.5,20.4,209.8
30.06.2017 14:45,18.91,57.79,18.85,55.37,0.346,19.49,5.028615,1.172,1.298,-1.919,294,421.7,293.7,20.5,235.3
30.06.2017 14:50,19.11,57.42,18.89,55.64,0.346,19.49,5.093167,0.908,1.433,-3.115,294.2,421.7,293.7,20.5,196.3
30.06.2017 14:55,19.08,57.9,18.89,56.42,0.346,19.5,5.130878,1.319,1.589,-0.972,294.1,423.2,293.9,20.8,264.7
30.06.2017 15:00,19.17,57.42,19.04,55.42,0.346,19.49,5.178876,1.005,1.426,-2.418,294.4,423.5,294.0,20.8,216
30.06.2017 15:05,19.11,57.87,19.08,54.93,0.346,19.48,5.212018,0.653,0.795,-4.91,294.3,420.4,293.4,20.3,159
30.06.2017 15:10,19.12,57.74,19.09,54.79,0.346,19.48,5.27886,0.781,1.079,-1.919,294.3,423.4,294.0,20.8,229
30.06.2017 15:15,19.28,56.9,19.12,54.72,0.346,19.48,5.299996,0.886,1.142,-3.19,294.4,422.7,293.8,20.7,206.6
30.06.2017 15:20,19.38,58.3,19.19,55.6,0.346,19.47,5.334268,0.918,1.106,-4.013,294.5,422.5,293.8,20.7,178
30.06.2017 15:25,19.38,55.3,19.2,53.54,0.346,19.45,5.363967,1.026,1.328,-5.533,294.4,420.4,293.4,20.3,201.5
30.06.2017 15:30,19.32,55.6,19.18,53.54,0.346,19.44,5.387382,1.327,1.537,-2.592,294.5,423.9,294.1,20.9,271.4
30.06.2017 15:35,19.35,58.05,19.26,54.5,0.346,19.44,5.411939,0.823,1.067,-5.458,294.6,421.6,293.7,20.5,181
30.06.2017 15:40,19.42,56.72,19.33,54.35,0.346,19.43,5.430785,1.057,1.339,-5.284,294.6,421.8,293.7,20.5,180.8
30.06.2017 15:45,19.55,55.76,19.61,53.37,0.346,19.43,5.451915,0.558,0.595,-1.969,294.7,425.7,294.4,21.2,291.9
30.06.2017 15:50,19.97,55.13,19.99,52.09,0.346,19.41,5.514747,1.073,0.843,-1.894,295.4,429.8,295.1,21.9,294.1
30.06.2017 15:55,19.89,54.63,19.92,52.26,0.346,19.39,5.474758,1.22,1.314,-7.153,295.6,425.8,294.4,21.2,215.4
30.06.2017 16:00,19.99,55.05,19.82,53.67,0.346,19.4,5.513599,0.685,1.13,-7.453,295.5,424.9,294.2,21.1,208.6
30.06.2017 16:05,19.97,55.41,19.88,53.31,0.346,19.38,5.512456,0.494,0.62,-8.9,295.4,422.8,293.9,20.7,160.3
30.06.2017 16:10,20.01,55.54,19.86,53.8,0.345,19.35,5.539304,0.978,1.238,-4.811,295.5,427.5,294.7,21.5,223.9
30.06.2017 16:15,19.97,57.42,19.76,54.96,0.345,19.34,5.555299,1.331,1.459,-6.082,295.4,425.7,294.4,21.2,225.4
30.06.2017 16:20,19.87,56.6,19.7,54.24,0.346,19.32,5.554728,0.79,1.174,-9.67,295.2,420.9,293.5,20.4,137.9
30.06.2017 16:25,19.6,59.52,19.49,57.56,0.345,19.32,5.555875,0.8,0.998,-9.25,294.8,419.0,293.2,20.0,137.5
30.06.2017 16:30,19.37,57.15,19.37,55.57,0.345,19.3,5.581022,1.209,1.48,-11.12,294.4,414.8,292.5,19.3,107.9
30.06.2017 16:35,19.37,57.17,19.4,55.09,0.345,19.29,5.57818,0.413,0.926,-9.3,294.2,415.5,292.6,19.4,161.6
30.06.2017 16:40,19.45,56.68,19.52,54.42,0.345,19.28,5.579902,0.682,0.747,-10.99,294,412.6,292.1,18.9,82.5
30.06.2017 16:45,19.32,60.38,19.41,55.39,0.345,19.27,5.588475,0.858,1.005,-9.52,293.7,412.4,292.0,18.9,84
30.06.2017 16:50,19.2,59.05,19.31,56.18,0.345,19.26,5.589044,0.698,0.759,-8.5,293.5,412.2,292.0,18.9,72.48
30.06.2017 16:55,19.17,57.22,19.3,54.71,0.345,19.23,5.578754,0.74,0.898,-8.77,293.3,410.8,291.8,18.6,70.14
30.06.2017 17:00,19.07,58.75,19.29,54.93,0.345,19.21,5.59189,0.585,0.539,-7.702,293.1,410.8,291.7,18.6,70.59
30.06.2017 17:05,19.06,59.95,19.24,57,0.345,19.2,5.589613,0.752,0.688,-6.281,293,411.6,291.9,18.7,80.4
30.06.2017 17:10,18.9,67.8,19.1,60.21,0.345,19.15,5.58848,0.455,0.351,-4.063,293,413.8,292.3,19.1,75.22
30.06.2017 17:15,18.72,69.44,19.01,60.32,0.345,19.14,5.582203,0.574,0.691,-2.867,292.9,414.4,292.4,19.2,78.73
30.06.2017 17:20,18.97,60.17,19.1,57.26,0.345,19.11,5.57992,0.531,0.653,-4.661,293,413.2,292.2,19.0,76.78
30.06.2017 17:25,19.1,59.91,19.19,57.05,0.345,19.09,5.562779,0.814,0.699,-5.683,293,412.2,292.0,18.8,75.67
30.06.2017 17:30,19.11,62.85,19.24,58.3,0.345,19.06,5.550206,0.451,0.52,-5.434,293,412.4,292.0,18.9,61.81
30.06.2017 17:35,19.09,58.45,19.27,55.95,0.345,19.04,5.52392,0.821,0.598,-6.556,292.9,410.8,291.7,18.6,58.61
30.06.2017 17:40,19.08,63.1,19.25,57.8,0.345,19.02,5.515914,0.299,0.419,-6.805,292.9,410.5,291.7,18.5,48.59
30.06.2017 17:45,18.92,59.72,19.19,56.28,0.345,19,5.523333,0.959,0.981,-7.827,292.7,408.3,291.3,18.2,43.09
30.06.2017 17:50,18.82,58.41,19.11,55.4,0.345,18.98,5.483917,0.693,1.07,-9.07,292.6,406.5,291.0,17.8,34.7
30.06.2017 17:55,18.77,57.61,18.99,54.98,0.345,18.97,5.474214,0.819,0.97,-10.94,292.4,403.5,290.5,17.3,16.99
30.06.2017 18:00,18.48,60.19,18.85,55.99,0.345,18.94,5.456514,0.551,0.81,-11.74,292,400.5,289.9,16.7,1.666
30.06.2017 18:05,18.29,61.98,18.72,57.06,0.345,18.92,5.432528,0.786,0.64,-11.62,291.7,398.9,289.6,16.5,-1.694
30.06.2017 18:10,18.05,62.62,18.51,58.26,0.345,18.9,5.40283,0.296,0.488,-10.12,291.4,398.7,289.6,16.4,3.368
30.06.2017 18:15,18.07,61.96,18.5,57.92,0.345,18.87,5.393128,0.581,0.598,-8.43,291.3,399.8,289.8,16.6,7.619
30.06.2017 18:20,17.71,71.13,18.24,61.28,0.345,18.85,5.37143,0.491,0.515,-7.628,291.1,399.5,289.7,16.6,5.097
30.06.2017 18:25,17.34,72.66,18.01,63.1,0.345,18.83,5.341725,0.243,0.458,-6.954,290.8,398.5,289.5,16.4,-4.026
30.06.2017 18:30,17.2,74.59,17.85,65.44,0.345,18.78,5.304011,0.481,0.475,-7.104,290.6,397.3,289.3,16.2,-10.84
30.06.2017 18:35,16.89,77.75,17.56,67.44,0.345,18.75,5.274857,0.32,0.365,-6.705,290.3,396.0,289.1,15.9,-11.42
30.06.2017 18:40,16.63,78.17,17.33,67.93,0.345,18.71,5.313109,0.64,0.432,-6.606,290,394.4,288.8,15.6,-18.12
30.06.2017 18:45,16.35,80.7,17.2,69.13,0.345,18.66,5.207985,0.728,0.661,-7.902,289.7,391.5,288.3,15.1,-29.12
30.06.2017 18:50,16.21,78.57,17.08,68.82,0.345,18.63,5.187982,0.677,0.526,-8.15,289.4,389.6,287.9,14.8,-29.66
30.06.2017 18:55,16.34,76.32,17.17,65.73,0.345,18.6,5.153131,0.687,0.558,-8.38,289.2,388.2,287.7,14.5,-29.61
30.06.2017 19:00,16.06,76.94,17.09,66.79,0.345,18.56,5.114856,0.682,0.84,-9.05,288.9,385.9,287.2,14.1,-35.57
30.06.2017 19:05,15.8,78.69,16.85,67.82,0.345,18.52,5.076011,0.669,0.906,-9.55,288.6,383.8,286.8,13.7,-39.87
30.06.2017 19:10,15.81,75.16,16.75,68.27,0.345,18.48,5.017746,0.949,1.179,-8.6,288.4,383.7,286.8,13.7,-42.7
30.06.2017 19:15,15.73,76.36,16.57,68.69,0.345,18.45,4.955483,0.729,0.866,-10.32,288.3,381.4,286.4,13.2,-43.87
30.06.2017 19:20,15.48,77.22,16.47,68.77,0.345,18.39,4.933206,0.694,0.974,-10.94,288.1,379.7,286.1,12.9,-45.23
30.06.2017 19:25,15.36,78.06,16.26,69.71,0.345,18.36,4.893792,0.699,0.637,-11.57,287.8,377.4,285.6,12.5,-46.03
30.06.2017 19:30,15.13,80.3,16.02,70.57,0.345,18.3,4.860091,0.653,0.742,-11.57,287.6,376.3,285.4,12.3,-44.33
30.06.2017 19:35,14.9,80.3,15.9,70.84,0.345,18.25,4.782976,0.722,0.88,-10.4,287.3,375.9,285.3,12.2,-43.7
30.06.2017 19:40,14.65,83.8,15.73,72.12,0.345,18.2,4.721863,0.608,0.805,-10.82,287.1,374.4,285.1,11.9,-45.94
30.06.2017 19:45,14.43,83.1,15.52,73.42,0.345,18.14,4.66418,0.736,0.99,-10.95,286.9,373.2,284.8,11.7,-47.67
30.06.2017 19:50,14.5,82.4,15.69,71.64,0.345,18.09,4.621919,0.763,1.161,-11.02,286.8,372.6,284.7,11.6,-49.28
30.06.2017 19:55,14.42,81.9,15.68,71.2,0.345,18.03,4.549949,1.109,1.383,-9.92,286.7,373.2,284.8,11.7,-51.61
30.06.2017 20:00,14.48,82.7,15.68,71.91,0.344,17.98,4.480259,0.812,1.278,-10.77,286.7,372.3,284.7,11.5,-52.36
30.06.2017 20:05,14.21,84.8,15.44,73.8,0.345,17.92,4.384866,0.638,1.05,-11.44,286.5,370.6,284.3,11.2,-51.97
30.06.2017 20:10,14.06,85.7,15.25,74.26,0.345,17.85,4.313468,0.642,0.895,-10.97,286.3,370.0,284.2,11.1,-52.02
30.06.2017 20:15,13.87,86.6,15.03,76.24,0.345,17.81,4.2295,0.664,0.766,-11.1,286.1,368.8,284.0,10.8,-51.57
30.06.2017 20:20,13.78,87,14.77,77.46,0.345,17.74,4.153526,0.839,0.748,-10.52,286,368.8,284.0,10.8,-50.97
30.06.2017 20:25,13.63,87.9,14.63,79.04,0.345,17.69,4.066695,0.698,0.696,-10.57,285.8,367.7,283.8,10.6,-50.1
30.06.2017 20:30,13.52,88.8,14.43,79.35,0.345,17.63,3.985003,0.737,0.764,-10.37,285.7,367.4,283.7,10.6,-48.55
30.06.2017 20:35,13.42,88.2,14.46,78.49,0.345,17.56,3.916447,0.776,0.915,-9.53,285.6,367.7,283.8,10.6,-48.96
30.06.2017 20:40,13.48,87.3,14.44,78.4,0.345,17.51,3.838752,0.595,1.004,-9.92,285.5,366.8,283.6,10.5,-48.29
30.06.2017 20:45,13.51,86.3,14.4,79.44,0.345,17.45,3.745063,0.73,1.096,-10.25,285.4,365.9,283.4,10.3,-46.33
30.06.2017 20:50,13.54,86.6,14.3,80.1,0.345,17.39,3.65252,0.649,1.173,-10.52,285.4,365.7,283.4,10.2,-45.24
30.06.2017 20:55,13.51,86.1,14.39,78.97,0.345,17.34,3.566839,0.781,1.147,-9.45,285.4,366.7,283.6,10.4,-45.44
30.06.2017 21:00,13.48,87.9,14.34,79.86,0.345,17.29,3.473732,0.582,0.984,-9.55,285.4,366.6,283.6,10.4,-45.74
30.06.2017 21:05,13.3,88.7,14.29,79.77,0.345,17.23,3.388619,0.524,0.836,-9.87,285.3,365.8,283.4,10.3,-44.85
30.06.2017 21:10,13.18,88.8,14.29,79.8,0.345,17.18,3.298934,0.492,0.814,-9.33,285.2,365.8,283.4,10.3,-44.24
30.06.2017 21:15,13.27,88,14.38,79.39,0.345,17.12,3.222386,0.623,0.826,-9.28,285.2,365.8,283.4,10.3,-43.46
30.06.2017 21:20,13.13,89.2,14.3,80.5,0.345,17.06,3.122986,0.489,0.59,-9.8,285.1,364.8,283.2,10.1,-42.68
30.06.2017 21:25,12.96,91,13.89,83.8,0.345,17.01,3.029298,0.703,0.615,-9.38,285.1,365.2,283.3,10.1,-41.83
30.06.2017 21:30,12.91,91.7,13.73,84.3,0.345,16.96,2.942465,0.778,0.612,-8.53,285.1,366.1,283.5,10.3,-42.4
30.06.2017 21:35,12.83,91.9,13.63,85.2,0.345,16.92,2.869343,0.597,0.655,-8.93,285.1,365.7,283.4,10.2,-42.1
30.06.2017 21:40,12.68,93,13.53,86.2,0.345,16.87,2.759662,0.673,0.654,-8.68,285,365.4,283.3,10.2,-41.29
30.06.2017 21:45,12.56,93.6,13.53,85.8,0.345,16.82,2.664834,0.814,0.868,-7.357,285,366.7,283.6,10.4,-41.94
30.06.2017 21:50,12.48,94.3,13.58,85.2,0.345,16.78,2.593998,0.777,0.829,-7.082,284.9,366.5,283.5,10.4,-41.79
30.06.2017 21:55,12.5,93.7,13.63,84.6,0.345,16.72,2.522593,0.579,0.798,-7.456,284.9,366.1,283.5,10.3,-41.4
30.06.2017 22:00,12.47,93.7,13.66,84.3,0.345,16.7,2.438051,0.694,0.764,-7.357,284.8,365.7,283.4,10.2,-40.74
30.06.2017 22:05,12.43,94.1,13.63,84.7,0.345,16.64,2.359796,0.679,0.815,-6.783,284.8,366.2,283.5,10.3,-40.23
30.06.2017 22:10,12.4,94.7,13.59,85,0.345,16.61,2.278114,0.597,0.629,-6.833,284.8,366.2,283.5,10.3,-39.48
30.06.2017 22:15,12.43,94.1,13.57,85.5,0.345,16.56,2.185579,0.545,0.702,-6.783,284.8,366.2,283.5,10.3,-38.5
30.06.2017 22:20,12.48,94.2,13.56,85.5,0.345,16.53,2.107896,0.653,0.837,-6.733,284.8,366.3,283.5,10.4,-37.29
30.06.2017 22:25,12.5,94.1,13.53,86.2,0.345,16.49,2.02793,0.599,0.699,-6.484,284.8,366.5,283.6,10.4,-37.09
30.06.2017 22:30,12.39,95,13.38,87.2,0.345,16.45,1.945685,0.451,0.554,-6.584,284.8,366.4,283.5,10.4,-37.19
30.06.2017 22:35,12.39,95.2,13.33,87.8,0.345,16.41,1.858872,0.427,0.554,-6.684,284.8,366.3,283.5,10.4,-36.24
30.06.2017 22:40,12.42,94.5,13.25,88.2,0.345,16.38,1.801759,0.447,0.429,-7.157,284.8,365.9,283.4,10.3,-36.3
30.06.2017 22:45,12.37,94.3,13.14,88.4,0.345,16.35,1.716649,0.423,0.441,-7.532,284.6,364.5,283.1,10.0,-36.01
30.06.2017 22:50,12.29,95.7,13.15,88,0.345,16.31,1.629819,0.561,0.652,-7.307,284.6,364.7,283.2,10.0,-36.1
30.06.2017 22:55,12.31,95.3,13.18,87.4,0.345,16.28,1.566407,0.55,0.496,-6.883,284.6,365.1,283.3,10.1,-38.52
30.06.2017 23:00,12.27,95,13.16,87.4,0.345,16.25,1.507562,0.519,0.831,-7.108,284.6,364.9,283.2,10.1,-40.28
30.06.2017 23:05,12.24,94.5,13.17,87.3,0.345,16.24,1.40873,0.452,0.66,-7.581,284.5,363.9,283.0,9.9,-41.58
30.06.2017 23:10,12.17,95,13.1,86.9,0.345,16.19,1.332179,0.439,0.576,-7.631,284.4,363.3,282.9,9.8,-41.59
30.06.2017 23:15,12.17,94.9,13.01,87.9,0.345,16.14,1.252772,0.493,0.527,-7.756,284.4,363.2,282.9,9.8,-41.22
30.06.2017 23:20,12.11,95.2,13.02,87.4,0.345,16.13,1.20307,0.466,0.715,-7.656,284.3,362.8,282.8,9.7,-40.75
30.06.2017 23:25,12.08,95.6,13.06,87.3,0.345,16.1,1.122522,0.436,0.559,-7.432,284.3,363.0,282.9,9.7,-39.88
30.06.2017 23:30,12.1,95.2,13.03,87.8,0.345,16.05,1.049971,0.562,0.521,-6.933,284.3,363.5,283.0,9.8,-36.01
30.06.2017 23:35,12.1,95.9,13.02,88,0.345,16.04,0.9797056,0.51,0.599,-6.21,284.3,364.2,283.1,10.0,-36.89
30.06.2017 23:40,12.14,95.2,13.16,87,0.345,16.01,0.9014441,0.472,0.701,-5.911,284.3,364.5,283.2,10.0,-40.66
30.06.2017 23:45,12.12,95.6,13.2,87.4,0.345,15.98,0.8129001,0.536,0.721,-6.634,284.3,363.8,283.0,9.9,-39.98
30.06.2017 23:50,12.11,95.6,13.17,86.9,0.345,15.94,0.7694845,0.489,0.676,-5.437,284.3,365.0,283.3,10.1,-30.79
30.06.2017 23:55,12.17,96.1,13.2,87.2,0.345,15.92,0.6757979,0.523,0.453,-3.94,284.4,367.0,283.6,10.5,-23.59
,,,,,,,,,,,, , , ,
14.11.2017 00:05,-0.617,100,0.871,100,0.58,5.33,-10.37355,0.459,0.829,-1.748,271.7,307.2,271.3,-1.8,-11.62
14.11.2017 00:10,-0.735,100,0.705,100,0.58,5.321,-10.39869,0.361,0.547,-1.823,271.5,306.3,271.1,-2.1,-12.82
14.11.2017 00:15,-0.638,100,0.562,100,0.58,5.324,-10.45009,0.562,0.658,-1.748,271.4,305.9,271.0,-2.1,-12.31
14.11.2017 00:20,-0.562,100,0.525,100,0.58,5.294,-10.47808,0.5,0.74,-1.922,271.5,306.2,271.1,-2.1,-11.87
14.11.2017 00:25,-0.777,100,0.427,100,0.58,5.31,-10.52491,0.313,0.271,-1.847,271.4,305.8,271.0,-2.2,-12.81
14.11.2017 00:30,-0.671,100,0.207,100,0.58,5.291,-10.54091,0.26,0.197,-1.947,271.4,305.7,271.0,-2.2,-12.43
14.11.2017 00:35,-0.835,100,0.035,100,0.58,5.286,-10.59231,0.473,0.383,-1.823,271.3,305.3,270.9,-2.3,-11.99
14.11.2017 00:40,-1.041,100,-0.144,100,0.58,5.272,-10.59974,0.225,0.333,-1.798,271.2,304.9,270.8,-2.3,-12.94
14.11.2017 00:45,-1.104,100,-0.006,100,0.58,5.278,-10.62658,0.414,0.681,-1.698,271,304.1,270.6,-2.5,-12.05
14.11.2017 00:50,-1.162,100,0.108,100,0.58,5.268,-10.65971,0.46,0.446,-2.322,271,303.5,270.5,-2.7,-8.44
14.11.2017 00:55,-1.206,100,-0.142,100,0.58,5.253,-10.67685,0.325,0.42,-1.673,271,304.1,270.6,-2.5,-9.51
14.11.2017 01:00,-1.034,100,-0.003,100,0.58,5.255,-10.72996,0.611,0.581,-1.698,271,304.1,270.6,-2.5,-7.178
14.11.2017 01:05,-1.048,100,0.012,100,0.58,5.251,-10.75681,0.445,0.32,-1.748,271,304.1,270.6,-2.5,-7.473
14.11.2017 01:10,-1.007,100,-0.068,100,0.58,5.227,-10.80993,0.393,0.356,-1.847,271,304.0,270.6,-2.6,-6.412
14.11.2017 01:15,-1.109,100,-0.126,100,0.58,5.223,-10.80536,0.673,0.714,-0.749,271,305.1,270.8,-2.3,-7.868
14.11.2017 01:20,-1.103,100,0.161,100,0.58,5.199,-10.8482,0.424,0.958,-1.049,271.2,305.7,271.0,-2.2,-6.943
14.11.2017 01:25,-1.195,100,-0.101,100,0.58,5.207,-10.86476,0.305,0.833,-1.673,271.1,304.6,270.7,-2.4,-6.006
14.11.2017 01:30,-1.258,100,-0.173,100,0.58,5.21,-10.89218,0.277,0.191,-1.698,270.9,303.7,270.5,-2.6,-7.125
14.11.2017 01:35,-1.302,100,-0.47,100,0.58,5.19,-10.93387,0.329,0.23,-1.623,270.7,302.8,270.3,-2.8,-5.547
14.11.2017 01:40,-1.378,100,-0.56,100,0.58,5.174,-10.96814,0.355,0.399,-1.573,270.7,302.9,270.3,-2.8,-5.245
14.11.2017 01:45,-1.294,100,-0.272,100,0.58,5.165,-11.01326,0.316,0.467,-1.498,270.6,302.5,270.3,-2.9,-5.241
14.11.2017 01:50,-1.44,100,-0.293,100,0.58,5.168,-11.05096,0.243,0.327,-1.448,270.6,302.6,270.3,-2.9,-6.39
14.11.2017 01:55,-1.498,100,-0.363,100,0.58,5.159,-11.07152,0.336,0.448,-1.348,270.6,302.7,270.3,-2.9,-5.132
14.11.2017 02:00,-1.588,100,-0.38,100,0.58,5.16,-11.0898,0.191,0.242,-1.373,270.4,301.7,270.1,-3.1,-5.625
14.11.2017 02:05,-1.546,100,-0.446,100,0.58,5.157,-11.12578,0.512,0.403,-1.248,270.4,301.9,270.1,-3.0,-4.019
14.11.2017 02:10,-1.487,100,-0.431,100,0.58,5.142,-11.14235,0.212,0.077,-1.323,270.4,301.8,270.1,-3.0,-5.272
14.11.2017 02:15,-1.488,100,-0.547,100,0.58,5.123,-11.17547,0.342,0.375,-1.398,270.4,301.7,270.1,-3.1,-4.668
14.11.2017 02:20,-1.468,100,-0.615,100,0.58,5.109,-11.23202,0.22,0.209,-1.273,270.4,301.8,270.1,-3.0,-4.642
14.11.2017 02:25,-1.547,100,-0.793,100,0.58,5.1,-11.26286,0.225,0.141,-1.248,270.3,301.4,270.0,-3.1,-1.673
14.11.2017 02:30,-1.656,100,-0.938,100,0.58,5.107,-11.26972,0.204,0.267,-1.273,270.3,301.4,270.0,-3.1,3.931
14.11.2017 02:35,-1.748,100,-1.03,100,0.58,5.083,-11.27715,0.263,0.215,-1.248,270.3,301.4,270.0,-3.1,-3.514
14.11.2017 02:40,-1.69,100,-1.162,100,0.58,5.086,-11.32801,0.27,0.185,-1.198,270.2,301.0,269.9,-3.2,-3.197
14.11.2017 02:45,-1.789,100,-1.196,100,0.58,5.07,-11.36688,0.25,0.178,-0.949,270.2,301.3,270.0,-3.2,-3.258
14.11.2017 02:50,-1.821,100,-1.165,100,0.58,5.063,-11.40975,0.141,0.219,-0.799,270.2,301.4,270.0,-3.1,-2.612
14.11.2017 02:55,-1.956,100,-1.263,100,0.58,5.061,-11.46231,0.25,0.239,-0.749,270.1,301.0,269.9,-3.2,-3.561
14.11.2017 03:00,-1.997,100,-1.277,100,0.58,5.036,-11.46059,0.428,0.536,-0.3,270.1,301.5,270.0,-3.1,-0.5
14.11.2017 03:05,-1.836,100,-1.089,100,0.58,5.022,-11.51313,0.335,0.353,-0.25,270.5,303.3,270.4,-2.7,1.748
14.11.2017 03:10,-1.904,100,-1.13,100,0.58,5.023,-11.54968,0.199,0.253,-0.175,270.6,303.8,270.6,-2.6,0.976
14.11.2017 03:15,-1.692,100,-1.04,100,0.58,5,-11.58394,0.349,0.344,-0.1,270.9,305.3,270.9,-2.3,2.061
14.11.2017 03:20,-1.499,100,-0.815,100,0.58,5.011,-11.62105,0.143,0.275,-0.25,271.2,306.5,271.1,-2.0,1.679
14.11.2017 03:25,-1.332,100,-0.717,100,0.58,5.007,-11.64331,0.311,0.375,-0.1,271.4,307.5,271.4,-1.8,2.006
14.11.2017 03:30,-1.236,100,-0.685,100,0.58,4.998,-11.65244,0.306,0.366,-0.25,271.6,308.3,271.5,-1.6,1.543
14.11.2017 03:35,-1.039,100,-0.315,100,0.58,5.008,-11.72212,0.622,0.957,-0.25,271.8,309.2,271.7,-1.4,1.531
14.11.2017 03:40,-0.711,100,-0.043,100,0.58,4.996,-11.7718,0.668,0.745,-0.25,272.1,310.6,272.0,-1.1,0.938
14.11.2017 03:45,-0.784,100,-0.269,100,0.58,4.991,-11.80893,0.362,0.454,-0.25,272.3,311.5,272.2,-0.9,1.065
14.11.2017 03:50,-0.735,100,-0.32,100,0.58,4.966,-11.84491,0.25,0.43,-0.25,272.3,311.5,272.2,-0.9,1.12
14.11.2017 03:55,-0.645,100,-0.243,100,0.58,4.983,-11.8906,0.375,0.393,-0.25,272.4,311.9,272.3,-0.8,1.083
14.11.2017 04:00,-0.575,100,-0.238,100,0.58,4.995,-11.93515,0.318,0.42,-0.25,272.5,312.4,272.4,-0.7,0.427
14.11.2017 04:05,-0.638,100,-0.311,100,0.58,4.996,-11.97342,0.263,0.253,-0.25,272.5,312.4,272.4,-0.7,0.115
14.11.2017 04:10,-0.679,100,-0.368,100,0.58,4.992,-11.99798,0.08,0.144,-0.25,272.5,312.4,272.4,-0.7,-0.214
14.11.2017 04:15,-0.678,100,-0.367,100,0.58,4.996,-12.04253,0.16,0.237,-0.25,272.4,311.9,272.3,-0.8,-0.501
14.11.2017 04:20,-0.668,100,-0.285,100,0.58,5.008,-12.06938,0.261,0.309,-0.25,272.3,311.5,272.2,-0.9,-3.174
14.11.2017 04:25,-0.737,100,-0.389,100,0.58,4.985,-12.08937,0.316,0.368,-0.25,272.1,310.6,272.0,-1.1,-5.942
14.11.2017 04:30,-0.892,100,-0.498,100,0.58,4.998,-12.07966,0.176,0.277,-0.325,271.7,308.7,271.6,-1.5,-5.553
14.11.2017 04:35,-1.047,100,-0.637,100,0.58,5,-12.12535,0.156,0.109,-0.25,271.4,307.4,271.3,-1.8,-3.88
14.11.2017 04:40,-1.246,100,-0.802,100,0.58,4.994,-12.1225,0.22,0.162,-0.25,271.4,307.4,271.3,-1.8,-0.199
14.11.2017 04:45,-1.269,100,-0.565,100,0.58,4.986,-12.13906,0.468,0.82,0.025,271.5,308.1,271.5,-1.6,0.765
14.11.2017 04:50,-1.16,100,-0.325,100,0.58,4.996,-12.14534,0.308,0.312,-0.2,271.7,308.8,271.7,-1.5,0.093
14.11.2017 04:55,-1.088,100,-0.416,100,0.58,4.981,-12.13278,0.285,0.309,-0.075,271.8,309.4,271.8,-1.4,0.794
14.11.2017 05:00,-0.917,100,-0.303,100,0.58,4.994,-12.15505,0.204,0.182,-0.125,271.9,309.8,271.9,-1.3,0.356
14.11.2017 05:05,-0.8,100,-0.197,100,0.58,4.992,-12.15105,0.218,0.228,-0.25,272,310.1,271.9,-1.2,0.051
14.11.2017 05:10,-0.707,100,-0.156,100,0.58,4.98,-12.14591,0.187,0.216,-0.25,272.1,310.6,272.0,-1.1,0.676
14.11.2017 05:15,-0.619,100,-0.094,100,0.58,5.003,-12.13963,0.198,0.244,-0.25,272.2,311.0,272.1,-1.0,0.545
14.11.2017 05:20,-0.589,100,-0.059,100,0.58,5,-12.18018,0.113,0.156,-0.25,272.2,311.0,272.1,-1.0,-0.434
14.11.2017 05:25,-0.554,100,-0.085,100,0.58,4.984,-12.14363,0.136,0.074,-0.25,272.3,311.5,272.2,-0.9,0.28
14.11.2017 05:30,-0.529,100,-0.099,100,0.58,4.993,-12.14134,0.129,0.116,-0.25,272.3,311.5,272.2,-0.9,-0.09
14.11.2017 05:35,-0.486,100,-0.108,100,0.58,4.989,-12.15105,0.169,0.155,-0.25,272.4,311.9,272.3,-0.8,0.784
14.11.2017 05:40,-0.475,100,-0.119,100,0.58,5.005,-12.13963,0.207,0.223,-0.25,272.5,312.4,272.4,-0.7,0.166
14.11.2017 05:45,-0.48,100,-0.118,100,0.58,5.004,-12.13849,0.136,0.16,-0.25,272.5,312.4,272.4,-0.7,-0.119
14.11.2017 05:50,-0.476,100,-0.118,100,0.58,4.994,-12.1362,0.174,0.234,-0.25,272.5,312.4,272.4,-0.7,-2.351
14.11.2017 05:55,-0.52,100,-0.154,100,0.58,5.006,-12.1482,0.214,0.19,-0.25,272.2,311.0,272.1,-1.0,-4.428
14.11.2017 06:00,-0.598,100,-0.259,100,0.58,4.99,-12.13563,0.199,0.167,-0.25,272,310.1,271.9,-1.2,-5.355
14.11.2017 06:05,-0.735,100,-0.35,100,0.58,5.014,-12.12307,0.201,0.26,-0.25,271.7,308.7,271.6,-1.5,-5.755
14.11.2017 06:10,-0.911,100,-0.455,100,0.58,5,-12.11393,0.276,0.282,-0.25,271.4,307.4,271.3,-1.8,-5.47
14.11.2017 06:15,-0.978,100,-0.567,100,0.58,4.994,-12.1145,0.28,0.223,-0.275,271.3,306.9,271.2,-1.9,-5.045
14.11.2017 06:20,-1.097,100,-0.64,100,0.58,4.997,-12.1105,0.19,0.164,-0.25,271.1,306.0,271.0,-2.1,-6.042
14.11.2017 06:25,-1.182,100,-0.744,100,0.58,5.005,-12.09851,0.237,0.224,-0.275,271,305.5,270.9,-2.2,-12.2
14.11.2017 06:30,-1.292,100,-0.79,100,0.58,5.001,-12.09736,0.169,0.195,-0.275,270.8,304.6,270.7,-2.4,-5.871
14.11.2017 06:35,-1.405,100,-0.881,100,0.58,5.008,-12.08137,0.228,0.278,-0.25,270.6,303.8,270.5,-2.6,-3.557
14.11.2017 06:40,-1.459,100,-0.968,100,0.58,4.995,-12.06081,0.185,0.187,-0.25,270.6,303.8,270.5,-2.6,-2.866
14.11.2017 06:45,-1.527,100,-1.031,100,0.58,5.001,-12.05852,0.129,0.189,-0.25,270.4,302.9,270.3,-2.8,-2.091
14.11.2017 06:50,-1.61,100,-1.093,100,0.58,4.992,-12.06138,0.188,0.223,-0.25,270.3,302.4,270.2,-2.9,-1.204
14.11.2017 06:55,-1.64,100,-1.162,100,0.58,4.995,-12.03739,0.218,0.194,-0.25,270.3,302.4,270.2,-2.9,1.486
14.11.2017 07:00,-1.624,100,-1.209,100,0.58,4.982,-11.97114,0.238,0.135,-0.225,270.3,302.4,270.2,-2.9,3.452
14.11.2017 07:05,-1.618,100,-1.268,100,0.58,4.981,-11.98884,0.205,0.146,-0.25,270.3,302.4,270.2,-2.9,4.904
14.11.2017 07:10,-1.655,100,-1.251,100,0.58,4.971,-11.97228,0.182,0.158,-0.175,270.3,302.5,270.3,-2.9,8.96
14.11.2017 07:15,-1.647,100,-1.23,100,0.58,4.974,-11.97285,0.24,0.244,0.25,270.4,303.4,270.5,-2.7,16.79
14.11.2017 07:20,-1.571,100,-1.125,100,0.58,4.959,-11.958,0.309,0.363,0.225,270.7,304.7,270.7,-2.4,18.25
14.11.2017 07:25,-1.493,100,-0.994,100,0.58,4.962,-11.96028,0.222,0.182,0.25,271,306.1,271.1,-2.1,15.93
14.11.2017 07:30,-1.295,100,-0.821,100,0.58,4.96,-11.97285,0.316,0.226,0.25,271.3,307.4,271.4,-1.8,18.42
14.11.2017 07:35,-1.155,100,-0.617,100,0.58,4.951,-11.97856,0.269,0.296,0.2,271.5,308.3,271.5,-1.6,22.33
14.11.2017 07:40,-0.983,100,-0.375,100,0.58,4.964,-11.99398,0.146,0.2,0.075,271.8,309.5,271.8,-1.3,32.44
14.11.2017 07:45,-0.771,100,-0.159,100,0.58,4.95,-11.98884,0.348,0.57,0.125,272.2,311.4,272.2,-0.9,36.72
14.11.2017 07:50,-0.458,100,0.157,100,0.58,4.963,-11.99912,0.408,0.631,0,272.5,312.6,272.5,-0.7,37.65
14.11.2017 07:55,-0.267,100,0.384,100,0.58,4.937,-11.99684,0.184,0.439,-0.225,272.8,313.8,272.8,-0.4,43.54
14.11.2017 08:00,-0.22,100,0.383,100,0.58,4.937,-11.97228,0.153,0.527,-0.1,273,314.8,273.0,-0.2,40.71
14.11.2017 08:05,-0.087,100,0.776,100,0.58,4.953,-11.99284,0.426,0.656,0.1,273,315.0,273.0,-0.1,59.07
14.11.2017 08:10,0.129,100,0.995,100,0.58,4.945,-11.98827,0.363,0.607,0.225,273,315.2,273.0,-0.1,74.05
14.11.2017 08:15,0.314,100,1.211,100,0.58,4.953,-11.99284,0.302,0.377,0.025,273,315.0,273.0,-0.1,81.7
14.11.2017 08:20,0.524,100,1.596,100,0.58,4.958,-11.99455,0.552,0.663,-0.325,273.1,315.1,273.0,-0.1,87.2
14.11.2017 08:25,0.802,100,2.133,100,0.58,4.952,-11.98713,0.585,0.558,0.474,273.2,316.3,273.3,0.2,82.3
14.11.2017 08:30,1.071,100,2.107,100,0.58,4.955,-12.01454,0.407,0.357,0.974,273.4,317.8,273.6,0.5,92.9
14.11.2017 08:35,1.55,100,2.59,100,0.58,4.945,-11.97913,0.427,0.591,1.073,273.8,319.7,274.0,0.9,82.3
14.11.2017 08:40,1.721,100,2.568,100,0.58,4.966,-11.96028,0.651,0.451,0.749,274.3,321.7,274.5,1.3,65.27
14.11.2017 08:45,2.006,100,2.917,100,0.58,4.957,-11.97513,0.401,0.583,0.749,274.7,323.6,274.9,1.7,68.73
14.11.2017 08:50,2.344,100,3.074,100,0.58,4.978,-11.95172,0.66,0.848,0.699,275.1,325.4,275.2,2.1,72.75
14.11.2017 08:55,2.562,100,3.313,99.5,0.58,4.974,-11.92259,0.555,0.826,0.749,275.6,327.9,275.8,2.6,81
14.11.2017 09:00,2.697,100,3.396,97.2,0.58,4.987,-11.88375,0.775,0.773,0.649,276,329.7,276.1,3.0,94.7
14.11.2017 09:05,2.205,100,2.857,97.3,0.58,4.99,-11.8826,1.143,1.353,0.549,276,329.6,276.1,3.0,90.4
14.11.2017 09:10,1.936,100,2.33,97.1,0.58,5.004,-11.8529,0.9,1.344,0.749,275.9,329.3,276.1,2.9,79.14
14.11.2017 09:15,1.843,100,2.138,98.1,0.58,5,-11.8369,0.816,1.071,0.749,275.8,328.8,276.0,2.8,66.64
14.11.2017 09:20,1.844,100,2.174,98.6,0.58,5.018,-11.8026,0.892,1.205,0.324,275.7,327.9,275.8,2.6,25.21
14.11.2017 09:25,1.686,100,1.998,98.4,0.58,5.034,-11.74259,0.879,1.106,0.449,275.6,327.6,275.7,2.5,40.65
14.11.2017 09:30,1.599,100,1.838,98.6,0.579,5.034,-11.72772,0.834,1.223,0.724,275.5,327.4,275.7,2.5,42.24
14.11.2017 09:35,1.576,100,1.779,98.8,0.579,5.058,-11.69801,0.787,1.198,1.298,275.5,327.9,275.8,2.6,82.9
14.11.2017 09:40,1.69,100,1.83,98.8,0.579,5.068,-11.63174,0.706,1.145,1.048,275.6,328.2,275.8,2.7,48.46
14.11.2017 09:45,1.741,100,1.905,98.7,0.579,5.09,-11.58032,0.794,1.073,0.948,275.6,328.1,275.8,2.6,36.69
14.11.2017 09:50,1.744,100,1.936,98.4,0.579,5.102,-11.48206,0.852,1.512,0.474,275.4,326.6,275.5,2.4,25.92
14.11.2017 09:55,1.733,100,2.057,98.3,0.579,5.118,-11.47291,0.872,1.321,0.898,275.4,327.1,275.6,2.4,83.8
14.11.2017 10:00,1.852,100,2.372,97.3,0.579,5.127,-11.44433,0.829,1.318,1.447,275.5,328.1,275.8,2.7,58
14.11.2017 10:05,2.03,100,2.54,96.9,0.579,5.14,-11.31866,0.988,1.347,1.647,275.6,328.8,275.9,2.8,84
14.11.2017 10:10,1.953,100,2.303,97,0.579,5.144,-11.24781,1.133,1.875,1.547,275.7,329.1,276.0,2.9,109.1
14.11.2017 10:15,1.955,100,2.135,98.5,0.579,5.17,-11.21636,1.009,1.541,1.298,275.7,328.9,276.0,2.8,67.33
14.11.2017 10:20,1.99,100,2.146,99,0.579,5.168,-11.15005,0.836,1.613,1.048,275.7,328.6,275.9,2.8,52.19
14.11.2017 10:25,1.999,100,2.1,99.3,0.579,5.185,-11.08717,1.325,1.649,1.148,275.6,328.3,275.8,2.7,68.93
14.11.2017 10:30,2.123,100,2.202,99.7,0.579,5.208,-11.01858,0.892,1.428,1.822,275.7,329.4,276.1,2.9,102.9
14.11.2017 10:35,2.5,100,2.515,99.8,0.579,5.213,-10.93114,0.783,1.146,1.996,276,331.0,276.4,3.3,92.6
14.11.2017 10:40,2.669,100,2.762,99.4,0.579,5.241,-10.86256,0.672,0.969,1.872,276.3,332.3,276.7,3.5,94.2
14.11.2017 10:45,2.732,100,2.902,98.7,0.579,5.252,-10.77915,0.956,1.434,1.996,276.5,333.4,276.9,3.8,131
14.11.2017 10:50,3.039,100,3.138,98.8,0.579,5.259,-10.70377,0.723,1.281,2.421,276.8,335.3,277.3,4.2,151.4
14.11.2017 10:55,3.377,100,3.416,98.4,0.579,5.295,-10.58788,0.843,1.467,2.595,277.2,337.4,277.7,4.6,149.7
14.11.2017 11:00,3.485,100,3.542,97.7,0.579,5.3,-10.53196,0.834,1.283,2.146,277.5,338.4,277.9,4.8,144.2
14.11.2017 11:05,3.697,100,3.666,97.5,0.579,5.311,-10.42465,0.809,1.521,2.57,277.7,339.8,278.2,5.1,200
14.11.2017 11:10,4.065,99.9,3.907,97.5,0.579,5.338,-10.34246,0.873,1.442,2.545,278.1,341.7,278.6,5.5,208.2
14.11.2017 11:15,4.209,99.5,4.059,97.1,0.579,5.368,-10.26196,1.152,1.69,2.246,278.4,342.9,278.9,5.7,172.8
14.11.2017 11:20,4.025,99.2,3.919,97.3,0.579,5.376,-10.15174,1.292,1.825,1.971,278.2,341.6,278.6,5.5,149.8
14.11.2017 11:25,3.992,99.3,3.913,97.5,0.579,5.423,-10.04777,1.187,1.83,1.322,278,340.0,278.3,5.1,78.63
14.11.2017 11:30,3.836,99.5,3.744,97.7,0.579,5.432,-9.951197,1.065,1.799,0.973,277.7,338.2,277.9,4.8,71.64
14.11.2017 11:35,3.728,99.9,3.688,98.5,0.579,5.455,-9.867726,0.909,1.834,1.472,277.6,338.2,277.9,4.8,78.75
14.11.2017 11:40,3.766,100,3.692,98.6,0.579,5.481,-9.806518,1.113,1.888,1.622,277.5,337.9,277.8,4.7,73.2
14.11.2017 11:45,3.819,100,3.791,98.6,0.579,5.503,-9.663084,1.113,1.642,1.522,277.5,337.8,277.8,4.7,56.75
14.11.2017 11:50,3.866,99.9,3.84,98.2,0.579,5.526,-9.536813,0.864,1.481,1.672,277.5,337.9,277.8,4.7,64.56
14.11.2017 11:55,4.024,99.9,3.99,97.8,0.579,5.547,-9.441404,0.701,1.641,1.821,277.6,338.5,278.0,4.8,60.78
14.11.2017 12:00,4.239,100,4.2,97.8,0.579,5.564,-9.329442,0.47,1.193,2.021,277.7,339.2,278.1,5.0,56.71
14.11.2017 12:05,4.359,99.5,4.34,97.4,0.579,5.583,-9.208338,0.445,0.939,1.971,277.8,339.7,278.2,5.1,56.53
14.11.2017 12:10,4.499,99.2,4.468,96.7,0.579,5.605,-9.078659,0.454,0.987,2.345,278,341.0,278.5,5.3,92.9
14.11.2017 12:15,4.65,98.3,4.638,96.3,0.579,5.621,-8.936418,0.677,0.806,2.345,278.3,342.5,278.8,5.6,103.3
14.11.2017 12:20,4.829,97.8,4.755,95.7,0.579,5.636,-8.82501,0.723,1.603,2.495,278.5,343.6,279.0,5.9,130.3
14.11.2017 12:25,4.949,97.7,4.798,95.9,0.579,5.651,-8.685613,0.675,1.589,2.37,278.7,344.5,279.2,6.0,113.3
14.11.2017 12:30,5.084,97.4,4.93,95.8,0.579,5.675,-8.573645,0.875,1.53,1.722,278.7,343.8,279.1,5.9,62.27
14.11.2017 12:35,4.978,97,4.884,95.4,0.579,5.689,-8.412008,0.823,1.855,0.773,278.6,342.4,278.8,5.6,34.66
14.11.2017 12:40,4.844,97.1,4.815,95.7,0.579,5.712,-8.299494,1.093,1.6,0.349,278.3,340.5,278.4,5.2,30.02
14.11.2017 12:45,4.86,97.9,4.865,96.2,0.579,5.728,-8.148706,0.76,1.007,0.848,278.2,340.5,278.4,5.2,33.75
14.11.2017 12:50,4.907,97.9,4.95,96.1,0.579,5.759,-8.043034,1.078,1.157,1.771,278.2,341.4,278.6,5.4,56.08
14.11.2017 12:55,5.032,98,5.095,95.9,0.579,5.766,-7.927082,0.695,1.083,2.57,278.4,343.2,278.9,5.8,77.02
14.11.2017 13:00,5.294,97.8,5.345,95.9,0.579,5.778,-7.851683,0.675,0.908,3.643,278.7,345.7,279.4,6.3,101.5
14.11.2017 13:05,5.506,96.8,5.514,94.7,0.579,5.798,-7.697478,1,1.107,3.593,279,347.2,279.7,6.6,121.7
14.11.2017 13:10,5.621,95.8,5.591,94.2,0.579,5.806,-7.563855,0.797,1.488,3.343,279.2,347.9,279.9,6.7,116.1
14.11.2017 13:15,5.808,95.2,5.782,93.6,0.579,5.828,-7.436518,0.956,0.949,2.545,279.4,348.1,279.9,6.8,70.07
14.11.2017 13:20,5.758,94.6,5.727,92.7,0.579,5.843,-7.321735,0.76,1.59,0.699,279.2,345.2,279.3,6.2,36.61
14.11.2017 13:25,5.628,94.1,5.626,92.4,0.579,5.861,-7.224066,0.939,1.381,0.524,279.1,344.6,279.2,6.1,42.02
14.11.2017 13:30,5.65,95.2,5.659,92.9,0.579,5.89,-7.10468,0.835,1.241,1.497,279.1,345.5,279.4,6.3,44.83
14.11.2017 13:35,5.629,94.1,5.654,92.2,0.579,5.892,-6.998998,0.837,1.169,2.146,279.1,346.2,279.5,6.4,66.79
14.11.2017 13:40,5.767,94.1,5.796,91.7,0.579,5.927,-6.908726,0.81,1.355,3.218,279.2,347.8,279.8,6.7,69.05
14.11.2017 13:45,5.843,93.6,5.812,91.9,0.579,5.934,-6.793314,0.81,0.998,1.597,279.3,346.6,279.6,6.5,43.48
14.11.2017 13:50,5.741,93.9,5.752,92.2,0.579,5.942,-6.687039,1.247,1.729,0.249,279.2,344.8,279.3,6.1,30.81
14.11.2017 13:55,5.604,94.1,5.636,92.4,0.579,5.979,-6.588748,1.362,1.874,0.025,279.1,344.1,279.1,6.0,37.48
14.11.2017 14:00,5.552,94.4,5.602,92.7,0.579,5.994,-6.484183,0.948,1.56,1.247,279,344.8,279.3,6.1,41.49
14.11.2017 14:05,5.512,94.4,5.549,92.5,0.579,5.999,-6.368778,1.066,1.627,1.073,279,344.6,279.2,6.1,37.67
14.11.2017 14:10,5.556,95.3,5.58,93.1,0.579,6.011,-6.286518,0.506,0.92,1.921,279,345.5,279.4,6.2,34.97
14.11.2017 14:15,5.645,95.2,5.668,92.8,0.579,6.032,-6.196282,0.652,0.868,2.295,279.1,346.3,279.6,6.4,39.98
14.11.2017 14:20,5.676,94.3,5.703,92.4,0.579,6.038,-6.080924,0.722,1.073,1.946,279.1,346.0,279.5,6.3,39.63
14.11.2017 14:25,5.69,94,5.722,92.4,0.579,6.05,-5.990118,0.628,0.836,0.823,279.1,344.9,279.3,6.1,21.09
14.11.2017 14:30,5.658,94.2,5.697,92.2,0.579,6.053,-5.894749,0.655,0.896,0.2,279.1,344.3,279.1,6.0,19.78
14.11.2017 14:35,5.571,93.8,5.595,91.8,0.579,6.079,-5.799962,0.694,0.961,-0.724,279,342.8,278.9,5.7,5.518
14.11.2017 14:40,5.492,94.2,5.56,92.2,0.579,6.083,-5.703478,0.686,1.114,-2.42,278.8,340.2,278.3,5.2,-13.65
14.11.2017 14:45,5.357,94.8,5.464,92.4,0.579,6.109,-5.632703,0.748,1.172,-2.944,278.6,338.6,278.0,4.8,-13.94
14.11.2017 14:50,5.251,95.5,5.393,92.7,0.579,6.121,-5.569351,0.611,1.227,-2.295,278.4,338.3,277.9,4.8,-6.587
14.11.2017 14:55,5.172,95.7,5.349,93,0.579,6.116,-5.448322,0.799,1.264,-2.196,278.3,337.9,277.8,4.7,-8.48
14.11.2017 15:00,5.123,95.8,5.318,92.8,0.579,6.112,-5.372978,0.822,1.432,-2.794,278.1,336.4,277.5,4.4,-18
14.11.2017 15:05,5,96.4,5.259,93,0.579,6.145,-5.283919,0.798,1.561,-4.74,278,333.9,277.0,3.9,-27.37
14.11.2017 15:10,4.826,96.6,5.165,93.2,0.579,6.139,-5.233116,0.768,1.534,-3.543,277.7,333.7,277.0,3.8,-14.06
14.11.2017 15:15,4.744,96.9,5.086,93.6,0.579,6.161,-5.160033,0.632,1.265,-1.622,277.6,335.1,277.3,4.1,-2.161
14.11.2017 15:20,4.769,96.7,5.057,93.6,0.579,6.139,-5.102361,0.513,0.934,-0.748,277.6,336.0,277.4,4.3,-4.338
14.11.2017 15:25,4.732,96.6,5.005,93.6,0.579,6.156,-5.028689,0.71,1.16,-0.724,277.6,336.0,277.5,4.3,-5.437
14.11.2017 15:30,4.733,96.4,4.961,93.8,0.579,6.15,-4.959578,0.614,1.12,-0.873,277.6,335.8,277.4,4.3,-7.11
14.11.2017 15:35,4.703,96.2,4.936,93.7,0.579,6.167,-4.90816,0.733,0.91,-1.322,277.6,335.4,277.3,4.2,-11.58
14.11.2017 15:40,4.663,96,4.876,93.8,0.579,6.173,-4.866455,0.732,1.04,-1.447,277.6,335.3,277.3,4.2,-11.2
14.11.2017 15:45,4.594,96.2,4.812,94,0.579,6.167,-4.799634,0.386,0.721,-1.871,277.6,334.8,277.2,4.1,-10.78
14.11.2017 15:50,4.566,96.8,4.755,94.4,0.579,6.169,-4.751105,0.41,0.811,-1.896,277.5,334.3,277.1,4.0,-11.43
14.11.2017 15:55,4.486,97.6,4.699,94.7,0.579,6.173,-4.734002,0.456,0.891,-1.996,277.4,333.7,277.0,3.8,-12.51
14.11.2017 16:00,4.396,98.4,4.651,94.9,0.579,6.179,-4.708901,0.467,1.038,-1.996,277.3,333.3,276.9,3.7,-13.76
14.11.2017 16:05,4.307,99,4.613,95.1,0.579,6.187,-4.654659,0.476,0.975,-2.046,277.3,333.2,276.9,3.7,-13.64
14.11.2017 16:10,4.222,99.3,4.584,95.4,0.579,6.184,-4.62782,0.413,0.794,-1.996,277.2,332.8,276.8,3.6,-13.26
14.11.2017 16:15,4.186,99.5,4.559,95.4,0.579,6.19,-4.644961,0.414,0.805,-1.896,277.1,332.4,276.7,3.6,-11.72
14.11.2017 16:20,4.186,99.5,4.587,95.3,0.579,6.18,-4.595864,0.502,0.875,-1.746,277.1,332.5,276.7,3.6,-10.97
14.11.2017 16:25,4.159,99.7,4.602,95.1,0.579,6.185,-4.607879,0.484,0.92,-1.497,277.1,332.8,276.8,3.6,-10.74
14.11.2017 16:30,4.156,99.9,4.593,95.3,0.579,6.19,-4.580478,0.457,0.759,-1.697,277.1,332.6,276.7,3.6,-12.45
14.11.2017 16:35,4.135,99.9,4.551,95.4,0.579,6.197,-4.561053,0.487,0.869,-2.021,277,331.8,276.6,3.4,-16.82
14.11.2017 16:40,4.104,99.6,4.552,95.1,0.579,6.197,-4.550182,0.715,1.409,-1.921,277,331.9,276.6,3.5,-15.55
14.11.2017 16:45,4.098,99.3,4.547,94.7,0.579,6.205,-4.545594,0.5,1.018,-1.746,277,332.1,276.6,3.5,-11.86
14.11.2017 16:50,4.051,99.4,4.498,94.9,0.579,6.191,-4.553584,0.491,0.896,-1.672,276.9,331.7,276.6,3.4,-10.4
14.11.2017 16:55,4.041,99.2,4.434,95.1,0.579,6.186,-4.596994,0.609,1.337,-1.098,276.9,332.2,276.7,3.5,-10.48
14.11.2017 17:00,4.03,98.8,4.353,95.3,0.579,6.202,-4.543882,0.632,1.133,-0.773,276.9,332.6,276.7,3.6,-10.22
14.11.2017 17:05,3.996,98.3,4.266,95.4,0.579,6.183,-4.532456,0.576,1.249,-0.823,276.9,332.5,276.7,3.6,-9.16
14.11.2017 17:10,3.971,98,4.211,95.5,0.578,6.189,-4.562158,0.542,0.998,-0.773,276.9,332.6,276.7,3.6,-9.77
14.11.2017 17:15,3.937,98.5,4.157,95.8,0.578,6.198,-4.565601,0.547,1.344,-0.773,276.9,332.6,276.7,3.6,-9.77
14.11.2017 17:20,3.915,98.7,4.112,96,0.578,6.198,-4.569621,0.363,1.026,-1.098,276.9,332.2,276.7,3.5,-10.16
14.11.2017 17:25,3.873,98.9,4.089,96.1,0.578,6.181,-4.587909,0.564,1.217,-0.699,276.9,332.6,276.8,3.6,-7.381
14.11.2017 17:30,3.858,99.2,4.075,96.2,0.578,6.202,-4.604474,0.478,1.055,-0.374,276.8,332.5,276.7,3.6,-7.413
14.11.2017 17:35,3.854,99.5,4.089,96.1,0.578,6.198,-4.615321,0.545,1.199,-0.524,276.8,332.3,276.7,3.5,-9.67
14.11.2017 17:40,3.825,99.6,4.088,96,0.578,6.2,-4.601036,0.396,0.955,-1.247,276.8,331.6,276.5,3.4,-13.99
14.11.2017 17:45,3.78,99.5,4.058,96.3,0.578,6.208,-4.62445,0.426,0.946,-1.672,276.7,330.7,276.4,3.2,-15.19
14.11.2017 17:50,3.745,99.5,4.026,96.2,0.578,6.209,-4.636444,0.526,1.093,-1.672,276.7,330.7,276.4,3.2,-13.84
14.11.2017 17:55,3.713,99.6,3.989,96.3,0.578,6.196,-4.648436,0.645,1.382,-1.871,276.6,330.0,276.2,3.1,-18.56
14.11.2017 18:00,3.643,99.5,3.939,96.5,0.578,6.205,-4.667284,0.542,1.216,-3.144,276.5,328.3,275.8,2.7,-30
14.11.2017 18:05,3.563,99.4,3.899,96.6,0.578,6.202,-4.691282,0.6,1.338,-3.992,276.4,326.9,275.6,2.4,-38.69
14.11.2017 18:10,3.469,99.3,3.863,96.6,0.578,6.201,-4.668452,0.659,1.278,-5.339,276.2,324.6,275.1,1.9,-45.9
14.11.2017 18:15,3.26,99.6,3.751,96.9,0.578,6.206,-4.694165,0.597,0.872,-7.26,276,321.8,274.5,1.3,-48.61
14.11.2017 18:20,3.065,100,3.657,97.2,0.578,6.208,-4.679327,0.567,0.989,-7.709,275.7,319.9,274.1,0.9,-46.58
14.11.2017 18:25,2.794,100,3.586,97.6,0.578,6.193,-4.727884,0.829,1.06,-6.811,275.5,319.8,274.1,0.9,-38.61
14.11.2017 18:30,2.72,100,3.513,97.7,0.578,6.198,-4.709622,0.859,1.185,-5.115,275.4,321.1,274.3,1.2,-29.58
14.11.2017 18:35,2.797,100,3.505,97.9,0.578,6.175,-4.742196,0.675,1.215,-1.672,275.5,325.0,275.1,2.0,-9.78
14.11.2017 18:40,2.785,100,3.512,98.2,0.578,6.168,-4.775922,0.501,0.693,-0.025,275.6,327.1,275.6,2.4,-1.319
14.11.2017 18:45,2.922,100,3.533,98.3,0.578,6.162,-4.787371,0.579,0.881,1.098,275.7,328.7,275.9,2.8,-0.98
14.11.2017 18:50,3.093,100,3.623,98.3,0.578,6.148,-4.808528,0.603,1.012,1.547,275.9,330.1,276.2,3.1,-1.579
14.11.2017 18:55,3.306,100,3.739,97.9,0.578,6.166,-4.853094,0.535,1.25,1.697,276.1,331.2,276.5,3.3,-2.35
14.11.2017 19:00,3.417,100,3.775,97.8,0.578,6.155,-4.850249,0.505,1.113,1.497,276.3,331.9,276.6,3.5,-2.735
14.11.2017 19:05,3.486,100,3.814,97.8,0.578,6.146,-4.865113,0.388,0.799,1.372,276.4,332.3,276.7,3.5,-2.91
14.11.2017 19:10,3.547,100,3.849,97.6,0.578,6.143,-4.910247,0.574,1.082,1.273,276.5,332.7,276.8,3.6,-3.256
14.11.2017 19:15,3.606,100,3.893,97.4,0.578,6.142,-4.937677,0.553,1.247,1.248,276.6,333.1,276.9,3.7,-3.354
14.11.2017 19:20,3.633,100,3.945,97.1,0.578,6.134,-4.983384,0.414,0.845,1.248,276.6,333.1,276.9,3.7,-3.333
14.11.2017 19:25,3.719,100,4.031,96.5,0.578,6.143,-5.001667,0.379,1.1,1.098,276.7,333.5,276.9,3.8,-2.929
14.11.2017 19:30,3.797,99.6,4.096,96.1,0.578,6.151,-5.029641,0.638,1.313,0.923,276.7,333.3,276.9,3.7,-2.79
14.11.2017 19:35,3.843,99.6,4.112,96.2,0.578,6.145,-5.070161,0.502,1.058,0.749,276.8,333.6,277.0,3.8,-3.07
14.11.2017 19:40,3.853,99.8,4.175,96,0.578,6.153,-5.091813,0.565,1.183,0.749,276.8,333.6,277.0,3.8,-3.335
14.11.2017 19:45,3.89,99.9,4.184,96.1,0.578,6.157,-5.107184,0.407,0.919,0.749,276.9,334.1,277.1,3.9,-3.769
14.11.2017 19:50,3.909,100,4.205,96,0.578,6.161,-5.13685,0.482,0.896,0.749,276.9,334.1,277.1,3.9,-3.846
14.11.2017 19:55,3.912,99.9,4.233,95.8,0.578,6.169,-5.169963,0.576,1.059,0.724,276.9,334.1,277.1,3.9,-3.898
14.11.2017 20:00,3.949,99.9,4.261,95.6,0.578,6.163,-5.208238,0.527,1.08,0.749,276.9,334.1,277.1,3.9,-2.798
14.11.2017 20:05,3.981,100,4.315,95.7,0.578,6.148,-5.215113,0.621,1.15,0.749,277,334.6,277.2,4.0,-3.181
14.11.2017 20:10,4.011,100,4.362,95.5,0.578,6.174,-5.253966,0.709,1.403,0.674,277,334.5,277.1,4.0,-4.308
14.11.2017 20:15,4.047,99.6,4.463,94.7,0.578,6.176,-5.263684,0.61,1.169,0.349,277.1,334.6,277.2,4.0,-4.786
14.11.2017 20:20,4.131,99.2,4.536,94.3,0.578,6.159,-5.273402,0.326,0.563,0.25,277.1,334.5,277.2,4.0,-3.399
14.11.2017 20:25,4.123,99.6,4.511,94.6,0.578,6.178,-5.276273,0.395,0.72,0.424,277.1,334.7,277.2,4.0,-2.397
14.11.2017 20:30,4.147,99.1,4.575,94.1,0.578,6.169,-5.284861,0.448,0.755,0.524,277.2,335.3,277.3,4.2,-2.434
14.11.2017 20:35,4.195,99.3,4.598,94,0.578,6.183,-5.314012,0.435,0.872,0.474,277.2,335.3,277.3,4.1,-2.498
14.11.2017 20:40,4.197,99.5,4.651,93.5,0.578,6.177,-5.326034,0.431,0.755,0.499,277.2,335.3,277.3,4.2,-2.599
14.11.2017 20:45,4.189,99.6,4.681,93.4,0.578,6.191,-5.324914,0.425,0.923,0.499,277.2,335.3,277.3,4.2,-2.497
14.11.2017 20:50,4.208,99.7,4.669,93.6,0.578,6.176,-5.330641,0.36,0.704,0.499,277.2,335.3,277.3,4.2,-3.008
14.11.2017 20:55,4.206,99.7,4.666,93.5,0.578,6.198,-5.33635,0.397,0.773,0.15,277.3,335.4,277.3,4.2,-6.364
14.11.2017 21:00,4.218,99.4,4.72,93.1,0.578,6.183,-5.349473,0.387,0.659,-0.15,277.3,335.1,277.3,4.1,-5.201
14.11.2017 21:05,4.211,99.6,4.745,92.8,0.578,6.185,-5.340891,0.325,0.622,-0.324,277.3,334.9,277.2,4.1,-7.544
14.11.2017 21:10,4.19,99.7,4.694,93.6,0.578,6.196,-5.369433,0.453,0.703,-0.449,277.3,334.8,277.2,4.1,-8.02
14.11.2017 21:15,4.205,99.4,4.708,93,0.578,6.195,-5.367697,0.59,0.953,-0.075,277.3,335.2,277.3,4.1,-4.164
14.11.2017 21:20,4.263,98.7,4.755,92.8,0.578,6.205,-5.369968,0.451,1.01,0.2,277.3,335.5,277.3,4.2,-2.882
14.11.2017 21:25,4.36,97.6,4.763,92.7,0.578,6.208,-5.376244,0.585,0.938,0.1,277.3,335.4,277.3,4.2,-2.743
14.11.2017 21:30,4.423,96.5,4.795,92.4,0.578,6.215,-5.364258,0.44,0.683,-0.1,277.4,335.6,277.4,4.2,-2.95
14.11.2017 21:35,4.484,96.4,4.806,92.5,0.578,6.21,-5.364272,0.448,0.624,-0.225,277.4,335.5,277.4,4.2,-2.969
14.11.2017 21:40,4.446,98,4.767,92.8,0.578,6.215,-5.366564,0.416,0.609,-0.249,277.4,335.5,277.3,4.2,-4.208
14.11.2017 21:45,4.379,98.6,4.715,93.3,0.578,6.211,-5.340843,0.338,0.625,-0.249,277.4,335.5,277.3,4.2,-4.031
14.11.2017 21:50,4.353,98.9,4.692,93.6,0.578,6.22,-5.301972,0.482,0.75,-0.05,277.4,335.7,277.4,4.2,-2.658
14.11.2017 21:55,4.366,98.9,4.724,93,0.578,6.217,-5.31394,0.495,0.897,0.249,277.4,336.0,277.5,4.3,-2.219
14.11.2017 22:00,4.373,98.7,4.776,92.4,0.578,6.211,-5.32649,0.598,0.949,0.249,277.4,336.0,277.5,4.3,-2.247
14.11.2017 22:05,4.429,97.2,4.808,92,0.578,6.232,-5.29678,0.677,0.682,0.1,277.4,335.8,277.4,4.3,-2.706
14.11.2017 22:10,4.53,95.6,4.842,91.9,0.578,6.237,-5.311624,0.459,0.7,-0.349,277.6,336.4,277.5,4.4,-2.85
14.11.2017 22:15,4.534,95.6,4.799,92.3,0.578,6.232,-5.303618,0.459,0.918,-0.399,277.6,336.3,277.5,4.4,-2.577
14.11.2017 22:20,4.546,95.1,4.786,92.1,0.578,6.24,-5.285898,0.648,0.621,-0.649,277.6,336.1,277.5,4.3,-2.447
14.11.2017 22:25,4.533,95.1,4.766,92.3,0.578,6.251,-5.27731,0.329,0.453,-0.724,277.6,336.0,277.5,4.3,-2.475
14.11.2017 22:30,4.534,94.6,4.743,92.3,0.578,6.241,-5.251015,0.486,0.68,-0.724,277.6,336.0,277.5,4.3,-2.467
14.11.2017 22:35,4.527,94.9,4.722,92.4,0.578,6.245,-5.249284,0.448,0.673,-0.748,277.6,336.0,277.4,4.3,-2.966
14.11.2017 22:40,4.503,95.3,4.696,92.7,0.578,6.243,-5.22871,0.338,0.531,-0.699,277.6,336.0,277.5,4.3,-2.906
14.11.2017 22:45,4.472,95.4,4.684,92.5,0.578,6.241,-5.218984,0.379,1.015,-0.724,277.6,336.0,277.5,4.3,-3.398
14.11.2017 22:50,4.453,96.4,4.675,92.9,0.578,6.258,-5.213256,0.552,0.836,-0.449,277.6,336.3,277.5,4.4,-3.289
14.11.2017 22:55,4.437,97,4.652,93,0.578,6.261,-5.194392,0.435,0.684,-0.299,277.5,335.9,277.4,4.3,-3.498
14.11.2017 23:00,4.383,97.6,4.65,93.3,0.578,6.25,-5.182376,0.443,0.764,-0.249,277.5,336.0,277.4,4.3,-3.95
14.11.2017 23:05,4.378,97.8,4.651,93.2,0.578,6.258,-5.174354,0.461,0.766,-0.249,277.5,336.0,277.4,4.3,-3.298
14.11.2017 23:10,4.37,98,4.65,93.4,0.578,6.26,-5.182902,0.5,0.896,-0.175,277.5,336.1,277.5,4.3,-3.457
14.11.2017 23:15,4.367,98.3,4.656,92.9,0.578,6.274,-5.14578,0.468,0.963,0.05,277.4,335.8,277.4,4.3,-3.473
14.11.2017 23:20,4.368,97.7,4.699,92.7,0.578,6.273,-5.139515,0.447,0.762,-0.075,277.4,335.7,277.4,4.2,-3.203
14.11.2017 23:25,4.398,96.8,4.688,92.8,0.578,6.281,-5.151538,0.565,0.924,-0.225,277.5,336.0,277.5,4.3,-2.847
14.11.2017 23:30,4.45,95.6,4.708,92.3,0.578,6.277,-5.112161,0.601,0.866,-0.424,277.5,335.8,277.4,4.3,-2.852
14.11.2017 23:35,4.47,95.1,4.683,92.4,0.578,6.273,-5.09962,0.649,1.022,-0.699,277.6,336.0,277.5,4.3,-2.87
14.11.2017 23:40,4.447,95.3,4.66,92.5,0.578,6.265,-5.073366,0.308,0.381,-0.748,277.6,336.0,277.4,4.3,-3.156
14.11.2017 23:45,4.438,95.1,4.641,92.6,0.578,6.28,-5.048242,0.428,0.56,-0.748,277.6,336.0,277.4,4.3,-3.006
14.11.2017 23:50,4.428,95.1,4.63,92.7,0.577,6.278,-5.069932,0.481,0.775,-0.724,277.6,336.0,277.5,4.3,-2.739
14.11.2017 23:55,4.435,95.3,4.631,92.8,0.577,6.286,-5.053918,0.574,0.834,-0.748,277.6,336.0,277.4,4.3,-3.907
